-- ВСТАВКА ДАННЫХ
--------------------------------------------------------------------------------------------------------------

-- СПРАВОЧНИКИ
INSERT INTO prj_room_statuses (status_id, status_name) VALUES 
(1, N'Свободен'), (2, N'Занят'), (3, N'Уборка'), (4, N'Ремонт');

INSERT INTO prj_payment_methods (payment_method_id, method_name) VALUES 
(1, N'Наличные'), (2, N'Карта'), (3, N'Перевод');

-- ОТЕЛИ
INSERT INTO prj_hotels (hotel_id, hotel_name, address, phone, email, stars, total_rooms, location)
VALUES
(1, 'Grand Plaza', 'Москва', '+74951112233', 'gp@hotel.ru', 5, 20, geography::Point(55.7558, 37.6173, 4326)),
(2, 'Sea Breeze', 'Сочи', '+78622223344', 'sb@hotel.ru', 4, 20, geography::Point(43.5855, 39.7231, 4326)),
(3, 'Mountain View', 'Алтай', '+73852556677', 'mv@hotel.ru', 3, 20, geography::Point(51.9581, 85.9603, 4326));

-- ТИПЫ НОМЕРОВ
INSERT INTO prj_room_types (type_name, capacity) VALUES 
(N'Комфорт', 2), (N'Полулюкс', 2), (N'Люкс', 4);

-- ЦЕНЫ НОМЕРОВ
INSERT INTO prj_hotel_room_prices (hotel_id, room_type_id, price) VALUES 
(1,1,8000),(1,2,12000),(1,3,25000),
(2,1,5000),(2,2,8000),(2,3,15000),
(3,1,4000),(3,2,7000),(3,3,12000);

-- НОМЕРА: Москва
INSERT INTO prj_rooms (hotel_id, room_type_id, room_number, floor, status_id) VALUES
(1,1,'101',1,1),(1,1,'102',1,1),(1,1,'103',1,1),(1,1,'104',1,1),(1,1,'105',1,1),
(1,2,'201',2,1),(1,2,'202',2,1),(1,2,'203',2,1),(1,2,'204',2,1),(1,2,'205',2,1),
(1,3,'301',3,1),(1,3,'302',3,1),(1,3,'303',3,1),(1,3,'304',3,1),(1,3,'305',3,1);

-- НОМЕРА: Сочи
INSERT INTO prj_rooms (hotel_id, room_type_id, room_number, floor, status_id) VALUES
(2,1,'101',1,1),(2,1,'102',1,1),(2,1,'103',1,1),(2,1,'104',1,1),(2,1,'105',1,1),
(2,2,'201',2,1),(2,2,'202',2,1),(2,2,'203',2,1),(2,2,'204',2,1),(2,2,'205',2,1),
(2,3,'301',3,1),(2,3,'302',3,1),(2,3,'303',3,1),(2,3,'304',3,1),(2,3,'305',3,1);

-- НОМЕРА: Алтай
INSERT INTO prj_rooms (hotel_id, room_type_id, room_number, floor, status_id) VALUES
(3,1,'101',1,1),(3,1,'102',1,1),(3,1,'103',1,1),(3,1,'104',1,1),(3,1,'105',1,1),
(3,2,'201',2,1),(3,2,'202',2,1),(3,2,'203',2,1),(3,2,'204',2,1),(3,2,'205',2,1),
(3,3,'301',3,1),(3,3,'302',3,1),(3,3,'303',3,1),(3,3,'304',3,1),(3,3,'305',3,1);

-- ГОСТИ (30)
INSERT INTO prj_guests (first_name, last_name, passport_number, phone, email) VALUES
(N'Иван',N'Иванов','PS01','101','i1@m.ru'),(N'Мария',N'Петрова','PS02','102','i2@m.ru'),
(N'Алексей',N'Сидоров','PS03','103','i3@m.ru'),(N'Елена',N'Кузнецова','PS04','104','i4@m.ru'),
(N'Олег',N'Смирнов','PS05','105','i5@m.ru'),(N'Анна',N'Белова','PS06','106','i6@m.ru'),
(N'Игорь',N'Морозов','PS07','107','i7@m.ru'),(N'Юлия',N'Волкова','PS08','108','i8@m.ru'),
(N'Артем',N'Попов','PS09','109','i9@m.ru'),(N'Вера',N'Лебедева','PS10','110','i10@m.ru'),
(N'Денис',N'Козлов','PS11','111','i11@m.ru'),(N'Яна',N'Новикова','PS12','112','i12@m.ru'),
(N'Борис',N'Павлов','PS13','113','i13@m.ru'),(N'Ева',N'Степанова','PS14','114','i14@m.ru'),
(N'Глеб',N'Васильев','PS15','115','i15@m.ru'),(N'Наталия',N'Паламарчук','PS16','116','i16@m.ru'),
(N'Виктор',N'Орлов','PS17','117','i17@m.ru'),(N'Кира',N'Федорова','PS18','118','i18@m.ru'),
(N'Максим',N'Тарасов','PS19','119','i19@m.ru'),(N'Софья',N'Титова','PS20','120','i20@m.ru'),
(N'Артур',N'Михайлов','PS21','121','i21@m.ru'),(N'Алина',N'Борисова','PS22','122','i22@m.ru'),
(N'Роман',N'Андреев','PS23','123','i23@m.ru'),(N'Инна',N'Куликова','PS24','124','i24@m.ru'),
(N'Данил',N'Чернов','PS25','125','i25@m.ru'),(N'Оксана',N'Соколова','PS26','126','i26@m.ru'),
(N'Павел',N'Киселев','PS27','127','i27@m.ru'),(N'Рита',N'Жукова','PS28','128','i28@m.ru'),
(N'Григорий',N'Аксенов','PS29','129','i29@m.ru'),(N'Вероника',N'Романова','PS30','130','i30@m.ru');

-- БРОНИРОВАНИЯ (30)
INSERT INTO prj_reservations (hotel_id, room_id, guest_id, check_in_plan, check_out_plan) VALUES
-- Москва (1-10)
(1,1,1,'2026-01-01','2026-01-05'),(1,2,2,'2026-01-02','2026-01-06'),
(1,3,3,'2026-01-03','2026-01-07'),(1,4,4,'2026-01-04','2026-01-08'),
(1,5,5,'2026-01-05','2026-01-09'),(1,6,6,'2026-01-06','2026-01-10'),
(1,7,7,'2026-01-07','2026-01-11'),(1,8,8,'2026-01-08','2026-01-12'),
(1,9,9,'2026-01-09','2026-01-13'),(1,10,10,'2026-01-10','2026-01-14'),

-- Сочи (11-20)
(2,11,11,'2026-01-01','2026-01-05'),(2,12,12,'2026-01-02','2026-01-06'),
(2,13,13,'2026-01-03','2026-01-07'),(2,14,14,'2026-01-04','2026-01-08'),
(2,15,15,'2026-01-05','2026-01-09'),(2,16,16,'2026-01-06','2026-01-10'),
(2,17,17,'2026-01-07','2026-01-11'),(2,18,18,'2026-01-08','2026-01-12'),
(2,19,19,'2026-01-09','2026-01-13'),(2,20,20,'2026-01-10','2026-01-14'),

-- Алтай (21-30)
(3,21,21,'2026-01-01','2026-01-05'),(3,22,22,'2026-01-02','2026-01-06'),
(3,23,23,'2026-01-03','2026-01-07'),(3,24,24,'2026-01-04','2026-01-08'),
(3,25,25,'2026-01-05','2026-01-09'),(3,26,26,'2026-01-06','2026-01-10'),
(3,27,27,'2026-01-07','2026-01-11'),(3,28,28,'2026-01-08','2026-01-12'),
(3,29,29,'2026-01-09','2026-01-13'),(3,30,30,'2026-01-10','2026-01-14');

-- ФАКТИЧЕСКОЕ ПРОЖИВАНИЕ (reservation_id 1-30)
INSERT INTO prj_check_info (reservation_id, check_in_fact, check_out_fact) VALUES
(1,'2026-01-01 14:00','2026-01-05 12:00'),(2,'2026-01-02 14:00','2026-01-06 12:00'),
(3,'2026-01-03 14:00','2026-01-07 12:00'),(4,'2026-01-04 14:00','2026-01-08 12:00'),
(5,'2026-01-05 14:00','2026-01-09 12:00'),(6,'2026-01-06 14:00','2026-01-10 12:00'),
(7,'2026-01-07 14:00','2026-01-11 12:00'),(8,'2026-01-08 14:00','2026-01-12 12:00'),
(9,'2026-01-09 14:00','2026-01-13 12:00'),(10,'2026-01-10 14:00','2026-01-14 12:00'),
(11,'2026-01-01 14:00','2026-01-05 12:00'),(12,'2026-01-02 14:00','2026-01-06 12:00'),
(13,'2026-01-03 14:00','2026-01-07 12:00'),(14,'2026-01-04 14:00','2026-01-08 12:00'),
(15,'2026-01-05 14:00','2026-01-09 12:00'),(16,'2026-01-06 14:00','2026-01-10 12:00'),
(17,'2026-01-07 14:00','2026-01-11 12:00'),(18,'2026-01-08 14:00','2026-01-12 12:00'),
(19,'2026-01-09 14:00','2026-01-13 12:00'),(20,'2026-01-10 14:00','2026-01-14 12:00'),
(21,'2026-01-01 14:00','2026-01-05 12:00'),(22,'2026-01-02 14:00','2026-01-06 12:00'),
(23,'2026-01-03 14:00','2026-01-07 12:00'),(24,'2026-01-04 14:00','2026-01-08 12:00'),
(25,'2026-01-05 14:00','2026-01-09 12:00'),(26,'2026-01-06 14:00','2026-01-10 12:00'),
(27,'2026-01-07 14:00','2026-01-11 12:00'),(28,'2026-01-08 14:00','2026-01-12 12:00'),
(29,'2026-01-09 14:00','2026-01-13 12:00'),(30,'2026-01-10 14:00','2026-01-14 12:00');

-- УСЛУГИ
INSERT INTO prj_services (service_name, service_price) VALUES
(N'Завтрак',1200),(N'Бассейн',2000),(N'Мини-бар',3500),(N'СПА',1500),(N'Теннис',500),(N'Полдник',100),(N'Макраме',2500);

-- УСЛУГИ ГОСТЯМ (check_in_id 1-30)
INSERT INTO prj_guest_services (check_in_id, service_id, service_date, quantity) VALUES
(1,1,'2026-01-02',2),(2,2,'2026-01-03',1),(3,1,'2026-01-04',1),
(4,1,'2026-01-05',2),(5,2,'2026-01-06',1),(6,3,'2026-01-07',1),
(7,4,'2026-01-08',2),(8,2,'2026-01-09',1),(9,3,'2026-01-10',1),
(10,1,'2026-01-11',2),(11,4,'2026-01-12',1),(12,6,'2026-01-13',1),
(13,1,'2026-01-14',2),(14,2,'2026-01-15',1),(15,3,'2026-01-16',1),
(16,1,'2026-01-17',2),(17,4,'2026-01-18',1),(18,3,'2026-01-19',1),
(19,4,'2026-01-20',2),(20,2,'2026-01-21',1),(21,1,'2026-01-22',1),
(22,5,'2026-01-23',2),(23,1,'2026-01-24',1),(24,3,'2026-01-25',1),
(25,4,'2026-01-26',2),(26,2,'2026-01-27',1),(27,3,'2026-01-28',1),
(28,7,'2026-01-29',2),(29,3,'2026-01-30',1),(30,2,'2026-01-31',1);

-- ОПЛАТЫ (reservation_id 1-30)
INSERT INTO prj_payments (reservation_id, amount, payment_method_id) VALUES
(1,34400,2),(2,27000,2),(3,19500,1),(4,34400,2),(5,27400,1),(6,22000,2),
(7,42400,3),(8,27400,2),(9,37400,1),(10,43500,1),
(11,27400,2),(12,22000,3),(13,42400,1),(14,27400,2),(15,22400,2),
(16,43500,2),(17,42400,1),(18,22400,3),(19,42400,2),(20,27400,1),
(21,37400,2),(22,42400,1),(23,28500,2),(24,22400,2),(25,42400,1),
(26,22000,3),(27,37400,2),(28,18400,1),(29,27400,2),(30,14400,1);


-- ПРОВЕРКА
--------------------------------------------------------------------------------------------------------------

SELECT 'Hotels' as T, COUNT(*) as C FROM prj_hotels UNION ALL
SELECT 'Rooms', COUNT(*) FROM prj_rooms UNION ALL
SELECT 'Guests', COUNT(*) FROM prj_guests UNION ALL
SELECT 'Reservations', COUNT(*) FROM prj_reservations UNION ALL
SELECT 'Payments', COUNT(*) FROM prj_payments;
